{
  "generated_at": "20250922_220604",
  "metrics": {
    "thresholds": {
      "0.1": {
        "rate": 42.857142857142854,
        "count": 3
      },
      "0.2": {
        "rate": 42.857142857142854,
        "count": 3
      }
    },
    "tier_agreement": {
      "agreement_rate": 0.0
    },
    "correlations": {
      "claude": {
        "claude": 1.0,
        "claude_self": -0.16949867638652652,
        "gemini": 0.785272200609125,
        "gpt": -0.20845027605956526,
        "mistral": -0.9998038945161647,
        "mistral_vs_claude": -0.9999301030442539,
        "mistral_vs_gpt": -0.9978169690085231
      },
      "claude_self": {
        "claude": -0.16949867638652652,
        "claude_self": 1.0,
        "gemini": 0.47708923304124695,
        "gpt": -0.9285491888017483,
        "mistral": 0.18898223650461274,
        "mistral_vs_claude": 0.18113899247676096,
        "mistral_vs_gpt": 0.23421319424655945
      },
      "gemini": {
        "claude": 0.785272200609125,
        "claude_self": 0.47708923304124695,
        "gemini": 1.0,
        "gpt": -0.7692399879653335,
        "mistral": -0.7728569492185252,
        "mistral_vs_claude": -0.7778969447548371,
        "mistral_vs_gpt": -0.7426691466256552
      },
      "gpt": {
        "claude": -0.20845027605956526,
        "claude_self": -0.9285491888017483,
        "gemini": -0.7692399879653335,
        "gpt": 1.0,
        "mistral": 0.1890410726553571,
        "mistral_vs_claude": 0.19687218663388065,
        "mistral_vs_gpt": 0.14340581629242466
      },
      "mistral": {
        "claude": -0.9998038945161647,
        "claude_self": 0.18898223650461274,
        "gemini": -0.7728569492185252,
        "gpt": 0.1890410726553571,
        "mistral": 1.0,
        "mistral_vs_claude": 0.9999681509976794,
        "mistral_vs_gpt": 0.998929106807559
      },
      "mistral_vs_claude": {
        "claude": -0.9999301030442539,
        "claude_self": 0.18113899247676096,
        "gemini": -0.7778969447548371,
        "gpt": 0.19687218663388065,
        "mistral": 0.9999681509976794,
        "mistral_vs_claude": 1.0,
        "mistral_vs_gpt": 0.998528032791639
      },
      "mistral_vs_gpt": {
        "claude": -0.9978169690085231,
        "claude_self": 0.23421319424655945,
        "gemini": -0.7426691466256552,
        "gpt": 0.14340581629242466,
        "mistral": 0.998929106807559,
        "mistral_vs_claude": 0.998528032791639,
        "mistral_vs_gpt": 1.0
      }
    }
  },
  "outliers": [
    {
      "loop_id": "loop_001",
      "scores": {
        "claude": 0.798707038597493,
        "claude_self": 0.7009420505392684,
        "gemini": 0.847284651272704,
        "gpt": 0.7767624963950497,
        "mistral": 0.3,
        "mistral_vs_claude": -0.49870703859749305,
        "mistral_vs_gpt": -0.4767624963950497
      },
      "range": 1.3459916898701971
    },
    {
      "loop_id": "loop_002",
      "scores": {
        "claude": 0.7273583355458579,
        "claude_self": 0.6139842230625472,
        "gemini": 0.7979286535676621,
        "gpt": 0.790898568044488,
        "mistral": 0.4,
        "mistral_vs_claude": -0.3273583355458579,
        "mistral_vs_gpt": -0.39089856804448797
      },
      "range": 1.18882722161215
    },
    {
      "loop_id": "loop_003",
      "scores": {
        "claude": 0.5954660321440814,
        "claude_self": 0.7009420505392684,
        "gemini": 0.7964087209644419,
        "gpt": 0.7820642720437799,
        "mistral": 0.6,
        "mistral_vs_claude": 0.00453396785591853,
        "mistral_vs_gpt": -0.18206427204377995
      },
      "range": 0.9784729930082219
    }
  ]
}